{
  "RIDAGEYR": 57.59442977726546,
  "INDFMPIR": 2.4943136489767603,
  "weekday_sleep_hours": 7.760161989075155,
  "weekend_sleep_hours": 8.27498682923158,
  "phq9_total": 3.595182403873774,
  "BMXBMI": 31.033123655024003,
  "BMXWAIST": 104.51319701791866,
  "PAD615": 213.78667402908155,
  "PAD630": 211.28146921278255,
  "age_bmi": 1772.7075691110745,
  "income_bmi": 0.08271848410399611,
  "depression_sleep": 11.295584933898727,
  "caff_age": 8591.325464344573,
  "DR1TKCAL": 7.00159242094324e-18,
  "DR1TKCAL_missing": 0.16517309337002195,
  "DR1TPROT": 2.2880675609573e-16,
  "DR1TPROT_missing": 0.16517309337002195,
  "DR1TCARB": 1.5324240015649354e-17,
  "DR1TCARB_missing": 0.16517309337002195,
  "DR1TTFAT": -3.646112279585536e-17,
  "DR1TTFAT_missing": 0.16517309337002195,
  "DR1TSUGR": -4.3330609699422315e-17,
  "DR1TSUGR_missing": 0.16517309337002195,
  "DR1TSODI": -7.675330559562307e-17,
  "DR1TSODI_missing": 0.16517309337002195,
  "DR1TCHOL": 8.032015456478283e-17,
  "DR1TCHOL_missing": 0.16517309337002195,
  "DR1TCAFF": -1.6592452982461716e-16,
  "DR1TCAFF_missing": 0.16517309337002195,
  "LBXSAL": 3.276216830931931e-17,
  "LBXSAL_missing": 0.1476220577845536,
  "LBXSAPSI": -5.030578101689029e-16,
  "LBXSAPSI_missing": 0.14777079537426097,
  "LBXSASSI": -2.1295409401057552e-16,
  "LBXSASSI_missing": 0.15160078830922544,
  "LBXSCK": 1.1625285529113304e-17,
  "LBXSCK_missing": 0.14810545495110253,
  "LBXSCR": 2.589268140575236e-16,
  "LBXSCR_missing": 0.1476964265794073,
  "LBXSUA": -2.525857492234618e-16,
  "LBXSUA_missing": 0.14784516416911464,
  "RIAGENDR": 0.5264566987691964,
  "RIDRETH3": 2.3098203993604285,
  "DMDEDUC2": 2.294574796415424,
  "MCQ160A": 0.44554344996839323,
  "ALQ130": 0.2311010300078087,
  "activity_limited": 0.7552151117391143,
  "work_shift": 1.866136169263377,
  "works_night_shift": 0.8453872754992006
}